{"cameraMode":{"drawMode":0,"name":"Shaded","section":"Shading Mode"},"sceneLighting":true,"audioPlay":false,"sceneViewState":{"showFog":true,"showMaterialUpdate":false,"showSkybox":false,"showFlares":true,"showImageEffects":true,"showParticleSystems":true},"in2DMode":false,"pivot":{"x":1.9525120258331299,"y":4.133576393127441,"z":0.3982372283935547},"rotation":{"x":0.017379703000187875,"y":-0.044978052377700809,"z":0.0007826882065273821,"w":0.9988380074501038},"size":17.467599868774415,"orthographic":false}