{"cameraMode":{"drawMode":0,"name":"Shaded","section":"Shading Mode"},"sceneLighting":false,"audioPlay":false,"sceneViewState":{"showFog":true,"showMaterialUpdate":false,"showSkybox":false,"showFlares":true,"showImageEffects":true,"showParticleSystems":true},"in2DMode":false,"pivot":{"x":-13.729984283447266,"y":1.316672921180725,"z":14.393776893615723},"rotation":{"x":0.1148940771818161,"y":0.09136305749416352,"z":-0.013557079248130322,"w":0.9899982213973999},"size":0.28578901290893557,"orthographic":false}