{"cameraMode":{"drawMode":0,"name":"Shaded","section":"Shading Mode"},"sceneLighting":true,"audioPlay":false,"sceneViewState":{"showFog":true,"showMaterialUpdate":false,"showSkybox":true,"showFlares":true,"showImageEffects":true,"showParticleSystems":true},"in2DMode":false,"pivot":{"x":285.0337219238281,"y":109.06512451171875,"z":-58.415771484375},"rotation":{"x":-0.12954047322273255,"y":-0.005338175222277641,"z":0.0008217429276555777,"w":-0.9916476607322693},"size":474.6361999511719,"orthographic":false}