{"cameraMode":{"drawMode":0,"name":"Shaded","section":"Shading Mode"},"sceneLighting":true,"audioPlay":false,"sceneViewState":{"showFog":true,"showMaterialUpdate":false,"showSkybox":true,"showFlares":true,"showImageEffects":true,"showParticleSystems":true},"in2DMode":false,"pivot":{"x":-24.870216369628908,"y":-17.019886016845704,"z":2.9933173656463625},"rotation":{"x":-0.4184967279434204,"y":-0.1030382588505745,"z":0.0557839460670948,"w":-0.9018705487251282},"size":23.334529876708986,"orthographic":false}