{"cameraMode":{"drawMode":0,"name":"Shaded","section":"Shading Mode"},"sceneLighting":true,"audioPlay":false,"sceneViewState":{"showFog":true,"showMaterialUpdate":false,"showSkybox":true,"showFlares":true,"showImageEffects":true,"showParticleSystems":true},"in2DMode":false,"pivot":{"x":-60.98830032348633,"y":-40.41421127319336,"z":-48.265541076660159},"rotation":{"x":-0.1512407511472702,"y":0.8483890295028687,"z":-0.2729398310184479,"w":-0.4302992820739746},"size":74.38020324707031,"orthographic":false}