{"cameraMode":{"drawMode":0,"name":"Shaded","section":"Shading Mode"},"sceneLighting":false,"audioPlay":false,"sceneViewState":{"showFog":true,"showMaterialUpdate":false,"showSkybox":false,"showFlares":true,"showImageEffects":true,"showParticleSystems":true},"in2DMode":false,"pivot":{"x":-15.890772819519043,"y":1.523498296737671,"z":11.439430236816407},"rotation":{"x":0.0040182312950491909,"y":0.9947071671485901,"z":-0.07223200798034668,"w":0.08481552451848984},"size":2.489549398422241,"orthographic":false}