{"cameraMode":{"drawMode":0,"name":"Shaded","section":"Shading Mode"},"sceneLighting":false,"audioPlay":false,"sceneViewState":{"showFog":true,"showMaterialUpdate":false,"showSkybox":false,"showFlares":true,"showImageEffects":true,"showParticleSystems":true},"in2DMode":false,"pivot":{"x":0.4880000054836273,"y":-0.5149999856948853,"z":0.5779999494552612},"rotation":{"x":0.14156712591648103,"y":-0.6665922999382019,"z":0.13291405141353608,"w":0.720466136932373},"size":4.058196067810059,"orthographic":false}