{"cameraMode":{"drawMode":0,"name":"Shaded","section":"Shading Mode"},"sceneLighting":true,"audioPlay":false,"sceneViewState":{"showFog":true,"showMaterialUpdate":true,"showSkybox":true,"showFlares":true,"showImageEffects":true,"showParticleSystems":true},"in2DMode":false,"pivot":{"x":-16.008708953857423,"y":6.6452436447143559,"z":24.1196231842041},"rotation":{"x":0.029786555096507074,"y":0.9612564444541931,"z":-0.11473885923624039,"w":0.24926769733428956},"size":2.28069806098938,"orthographic":false}