{"cameraMode":{"drawMode":0,"name":"Shaded","section":"Shading Mode"},"sceneLighting":false,"audioPlay":false,"sceneViewState":{"showFog":true,"showMaterialUpdate":true,"showSkybox":false,"showFlares":true,"showImageEffects":true,"showParticleSystems":true},"in2DMode":false,"pivot":{"x":0.0,"y":-2.819999933242798,"z":-3.4200000762939455},"rotation":{"x":0.04588594660162926,"y":-0.9329144954681397,"z":0.12843988835811616,"w":0.33341118693351748},"size":2.8578836917877199,"orthographic":false}