{"cameraMode":{"drawMode":0,"name":"Shaded","section":"Shading Mode"},"sceneLighting":false,"audioPlay":false,"sceneViewState":{"showFog":true,"showMaterialUpdate":true,"showSkybox":false,"showFlares":true,"showImageEffects":true,"showParticleSystems":true},"in2DMode":false,"pivot":{"x":10.072564125061036,"y":1.7344404458999634,"z":2.4619016647338869},"rotation":{"x":0.03635701909661293,"y":-0.9590133428573608,"z":0.241113543510437,"w":0.1446884721517563},"size":2.8578836917877199,"orthographic":false}