{"cameraMode":{"drawMode":0,"name":"Shaded","section":"Shading Mode"},"sceneLighting":true,"audioPlay":false,"sceneViewState":{"showFog":true,"showMaterialUpdate":true,"showSkybox":true,"showFlares":true,"showImageEffects":true,"showParticleSystems":true},"in2DMode":false,"pivot":{"x":5.416809558868408,"y":-37.878021240234378,"z":41.476417541503909},"rotation":{"x":0.3838297426700592,"y":0.06309249252080918,"z":-0.02584032155573368,"w":0.9210706353187561},"size":78.97208404541016,"orthographic":false}